1791446580.71	{"max_offset_from_bottom":0,"offset_from_bottom":0,"viewport_rows":23}	|❯ Run exactly this one bash command and nothing|  else: bin/fm-lock.sh ; then reply with just its|
1791446580.73	{"max_offset_from_bottom":0,"offset_from_bottom":0,"viewport_rows":23}	|❯ Run exactly this one bash command and nothing|  else: bin/fm-lock.sh ; then reply with just its|
1791446580.75	{"max_offset_from_bottom":0,"offset_from_bottom":0,"viewport_rows":23}	|❯ Run exactly this one bash command and nothing|  else: bin/fm-lock.sh ; then reply with just its|
1791446580.77	{"max_offset_from_bottom":0,"offset_from_bottom":0,"viewport_rows":23}	|❯ Run exactly this one bash command and nothing|  else: bin/fm-lock.sh ; then reply with just its|
1791446580.79	{"max_offset_from_bottom":0,"offset_from_bottom":0,"viewport_rows":23}	|❯ Run exactly this one bash command and nothing|  else: bin/fm-lock.sh ; then reply with just its|
1791446580.83	{"max_offset_from_bottom":0,"offset_from_bottom":0,"viewport_rows":23}	|❯ Run exactly this one bash command and nothing|  else: bin/fm-lock.sh ; then reply with just its|
1791446580.85	{"max_offset_from_bottom":0,"offset_from_bottom":0,"viewport_rows":23}	|❯ Run exactly this one bash command and nothing|  else: bin/fm-lock.sh ; then reply with just its|
1791446580.88	{"max_offset_from_bottom":0,"offset_from_bottom":0,"viewport_rows":23}	|❯ Run exactly this one bash command and nothing|  else: bin/fm-lock.sh ; then reply with just its|
1791446580.90	{"max_offset_from_bottom":0,"offset_from_bottom":0,"viewport_rows":23}	|❯ Run exactly this one bash command and nothing|  else: bin/fm-lock.sh ; then reply with just its|
1791446580.91	{"max_offset_from_bottom":0,"offset_from_bottom":0,"viewport_rows":23}	|❯ Run exactly this one bash command and nothing|  else: bin/fm-lock.sh ; then reply with just its|
1791446580.94	{"max_offset_from_bottom":0,"offset_from_bottom":0,"viewport_rows":23}	|❯ Run exactly this one bash command and nothing|  else: bin/fm-lock.sh ; then reply with just its|
1791446580.96	{"max_offset_from_bottom":0,"offset_from_bottom":0,"viewport_rows":23}	|❯ Run exactly this one bash command and nothing|  else: bin/fm-lock.sh ; then reply with just its|
1791446580.98	{"max_offset_from_bottom":0,"offset_from_bottom":0,"viewport_rows":23}	|❯ Run exactly this one bash command and nothing|  else: bin/fm-lock.sh ; then reply with just its|
1791446581.00	{"max_offset_from_bottom":0,"offset_from_bottom":0,"viewport_rows":23}	|❯ Run exactly this one bash command and nothing|  else: bin/fm-lock.sh ; then reply with just its|
1791446581.02	{"max_offset_from_bottom":0,"offset_from_bottom":0,"viewport_rows":23}	|❯ Run exactly this one bash command and nothing|  else: bin/fm-lock.sh ; then reply with just its|
1791446581.03	{"max_offset_from_bottom":0,"offset_from_bottom":0,"viewport_rows":23}	|❯ Run exactly this one bash command and nothing|  else: bin/fm-lock.sh ; then reply with just its|
1791446581.05	{"max_offset_from_bottom":0,"offset_from_bottom":0,"viewport_rows":23}	|❯ Run exactly this one bash command and nothing|  else: bin/fm-lock.sh ; then reply with just its|
1791446581.07	{"max_offset_from_bottom":0,"offset_from_bottom":0,"viewport_rows":23}	|❯ Run exactly this one bash command and nothing|  else: bin/fm-lock.sh ; then reply with just its|
1791446581.09	{"max_offset_from_bottom":0,"offset_from_bottom":0,"viewport_rows":23}	|❯ Run exactly this one bash command and nothing|  else: bin/fm-lock.sh ; then reply with just its|
1791446581.11	{"max_offset_from_bottom":0,"offset_from_bottom":0,"viewport_rows":23}	|❯ Run exactly this one bash command and nothing|  else: bin/fm-lock.sh ; then reply with just its|
1791446581.12	{"max_offset_from_bottom":0,"offset_from_bottom":0,"viewport_rows":23}	|❯ Run exactly this one bash command and nothing|  else: bin/fm-lock.sh ; then reply with just its|
1791446581.14	{"max_offset_from_bottom":0,"offset_from_bottom":0,"viewport_rows":23}	|❯ Run exactly this one bash command and nothing|  else: bin/fm-lock.sh ; then reply with just its|
1791446581.16	{"max_offset_from_bottom":0,"offset_from_bottom":0,"viewport_rows":23}	|❯ Run exactly this one bash command and nothing|  else: bin/fm-lock.sh ; then reply with just its|
1791446581.18	{"max_offset_from_bottom":0,"offset_from_bottom":0,"viewport_rows":23}	|❯ Run exactly this one bash command and nothing|  else: bin/fm-lock.sh ; then reply with just its|
1791446581.20	{"max_offset_from_bottom":0,"offset_from_bottom":0,"viewport_rows":23}	|❯ Run exactly this one bash command and nothing|  else: bin/fm-lock.sh ; then reply with just its|
1791446581.22	{"max_offset_from_bottom":0,"offset_from_bottom":0,"viewport_rows":23}	|❯ Run exactly this one bash command and nothing|  else: bin/fm-lock.sh ; then reply with just its|
1791446581.24	{"max_offset_from_bottom":0,"offset_from_bottom":0,"viewport_rows":23}	|❯ Run exactly this one bash command and nothing|  else: bin/fm-lock.sh ; then reply with just its|
1791446581.26	{"max_offset_from_bottom":0,"offset_from_bottom":0,"viewport_rows":23}	|❯ Run exactly this one bash command and nothing|  else: bin/fm-lock.sh ; then reply with just its|
1791446581.28	{"max_offset_from_bottom":0,"offset_from_bottom":0,"viewport_rows":23}	|❯ Run exactly this one bash command and nothing|  else: bin/fm-lock.sh ; then reply with just its|
1791446581.30	{"max_offset_from_bottom":0,"offset_from_bottom":0,"viewport_rows":23}	|❯ Run exactly this one bash command and nothing|  else: bin/fm-lock.sh ; then reply with just its|
1791446581.32	{"max_offset_from_bottom":0,"offset_from_bottom":0,"viewport_rows":23}	|❯ Run exactly this one bash command and nothing|  else: bin/fm-lock.sh ; then reply with just its|
1791446581.34	{"max_offset_from_bottom":0,"offset_from_bottom":0,"viewport_rows":23}	|❯ Run exactly this one bash command and nothing|  else: bin/fm-lock.sh ; then reply with just its|
1791446581.35	{"max_offset_from_bottom":0,"offset_from_bottom":0,"viewport_rows":23}	|❯ Run exactly this one bash command and nothing|  else: bin/fm-lock.sh ; then reply with just its|
1791446581.37	{"max_offset_from_bottom":0,"offset_from_bottom":0,"viewport_rows":23}	|❯ Run exactly this one bash command and nothing|  else: bin/fm-lock.sh ; then reply with just its|
1791446581.39	{"max_offset_from_bottom":0,"offset_from_bottom":0,"viewport_rows":23}	|❯ Run exactly this one bash command and nothing|  else: bin/fm-lock.sh ; then reply with just its|
1791446581.41	{"max_offset_from_bottom":0,"offset_from_bottom":0,"viewport_rows":23}	|❯ Run exactly this one bash command and nothing|  else: bin/fm-lock.sh ; then reply with just its|
1791446581.44	{"max_offset_from_bottom":0,"offset_from_bottom":0,"viewport_rows":23}	|❯ Run exactly this one bash command and nothing|  else: bin/fm-lock.sh ; then reply with just its|
1791446581.46	{"max_offset_from_bottom":0,"offset_from_bottom":0,"viewport_rows":23}	|❯ Run exactly this one bash command and nothing|  else: bin/fm-lock.sh ; then reply with just its|
1791446581.47	{"max_offset_from_bottom":0,"offset_from_bottom":0,"viewport_rows":23}	|❯ Run exactly this one bash command and nothing|  else: bin/fm-lock.sh ; then reply with just its|
1791446581.49	{"max_offset_from_bottom":0,"offset_from_bottom":0,"viewport_rows":23}	|❯ Run exactly this one bash command and nothing|  else: bin/fm-lock.sh ; then reply with just its|
1791446581.51	{"max_offset_from_bottom":0,"offset_from_bottom":0,"viewport_rows":23}	|❯ Run exactly this one bash command and nothing|  else: bin/fm-lock.sh ; then reply with just its|
1791446581.53	{"max_offset_from_bottom":0,"offset_from_bottom":0,"viewport_rows":23}	|❯ Run exactly this one bash command and nothing|  else: bin/fm-lock.sh ; then reply with just its|
1791446581.55	{"max_offset_from_bottom":0,"offset_from_bottom":0,"viewport_rows":23}	|❯ Run exactly this one bash command and nothing|  else: bin/fm-lock.sh ; then reply with just its|
1791446581.56	{"max_offset_from_bottom":0,"offset_from_bottom":0,"viewport_rows":23}	|❯ Run exactly this one bash command and nothing|  else: bin/fm-lock.sh ; then reply with just its|
1791446581.58	{"max_offset_from_bottom":0,"offset_from_bottom":0,"viewport_rows":23}	|❯ Run exactly this one bash command and nothing|  else: bin/fm-lock.sh ; then reply with just its|
1791446581.60	{"max_offset_from_bottom":0,"offset_from_bottom":0,"viewport_rows":23}	|❯ Run exactly this one bash command and nothing|  else: bin/fm-lock.sh ; then reply with just its|
1791446581.62	{"max_offset_from_bottom":0,"offset_from_bottom":0,"viewport_rows":23}	|❯ Run exactly this one bash command and nothing|  else: bin/fm-lock.sh ; then reply with just its|
1791446581.64	{"max_offset_from_bottom":0,"offset_from_bottom":0,"viewport_rows":23}	|❯ Run exactly this one bash command and nothing|  else: bin/fm-lock.sh ; then reply with just its|
1791446581.65	{"max_offset_from_bottom":0,"offset_from_bottom":0,"viewport_rows":23}	|❯ Run exactly this one bash command and nothing|  else: bin/fm-lock.sh ; then reply with just its|
1791446581.68	{"max_offset_from_bottom":0,"offset_from_bottom":0,"viewport_rows":23}	|❯ Run exactly this one bash command and nothing|  else: bin/fm-lock.sh ; then reply with just its|
1791446581.72	{"max_offset_from_bottom":0,"offset_from_bottom":0,"viewport_rows":23}	|❯ Run exactly this one bash command and nothing|  else: bin/fm-lock.sh ; then reply with just its|
1791446581.74	{"max_offset_from_bottom":0,"offset_from_bottom":0,"viewport_rows":23}	|❯ Run exactly this one bash command and nothing|  else: bin/fm-lock.sh ; then reply with just its|
1791446581.76	{"max_offset_from_bottom":0,"offset_from_bottom":0,"viewport_rows":23}	|❯ Run exactly this one bash command and nothing|  else: bin/fm-lock.sh ; then reply with just its|
1791446581.78	{"max_offset_from_bottom":0,"offset_from_bottom":0,"viewport_rows":23}	|❯ Run exactly this one bash command and nothing|  else: bin/fm-lock.sh ; then reply with just its|
1791446581.89	{"max_offset_from_bottom":0,"offset_from_bottom":0,"viewport_rows":23}	|❯ Run exactly this one bash command and nothing|  else: bin/fm-lock.sh ; then reply with just its|
1791446581.92	{"max_offset_from_bottom":0,"offset_from_bottom":0,"viewport_rows":23}	|❯ Run exactly this one bash command and nothing|  else: bin/fm-lock.sh ; then reply with just its|
1791446581.96	{"max_offset_from_bottom":0,"offset_from_bottom":0,"viewport_rows":23}	|❯ Run exactly this one bash command and nothing|  else: bin/fm-lock.sh ; then reply with just its|
1791446581.99	{"max_offset_from_bottom":0,"offset_from_bottom":0,"viewport_rows":23}	|❯ Run exactly this one bash command and nothing|  else: bin/fm-lock.sh ; then reply with just its|
1791446582.05	{"max_offset_from_bottom":0,"offset_from_bottom":0,"viewport_rows":23}	|❯ Run exactly this one bash command and nothing|  else: bin/fm-lock.sh ; then reply with just its|
1791446582.11	{"max_offset_from_bottom":0,"offset_from_bottom":0,"viewport_rows":23}	|❯ Run exactly this one bash command and nothing|  else: bin/fm-lock.sh ; then reply with just its|
1791446582.14	{"max_offset_from_bottom":0,"offset_from_bottom":0,"viewport_rows":23}	|❯ Run exactly this one bash command and nothing|  else: bin/fm-lock.sh ; then reply with just its|
1791446582.18	{"max_offset_from_bottom":0,"offset_from_bottom":0,"viewport_rows":23}	|❯ Run exactly this one bash command and nothing|  else: bin/fm-lock.sh ; then reply with just its|
1791446582.21	{"max_offset_from_bottom":0,"offset_from_bottom":0,"viewport_rows":23}	|❯ Run exactly this one bash command and nothing|  else: bin/fm-lock.sh ; then reply with just its|
1791446582.24	{"max_offset_from_bottom":0,"offset_from_bottom":0,"viewport_rows":23}	|❯ Run exactly this one bash command and nothing|  else: bin/fm-lock.sh ; then reply with just its|
1791446582.26	{"max_offset_from_bottom":0,"offset_from_bottom":0,"viewport_rows":23}	|❯ Run exactly this one bash command and nothing|  else: bin/fm-lock.sh ; then reply with just its|
1791446582.29	{"max_offset_from_bottom":0,"offset_from_bottom":0,"viewport_rows":23}	|❯ Run exactly this one bash command and nothing|  else: bin/fm-lock.sh ; then reply with just its|
1791446582.35	{"max_offset_from_bottom":0,"offset_from_bottom":0,"viewport_rows":23}	|❯ Run exactly this one bash command and nothing|  else: bin/fm-lock.sh ; then reply with just its|
1791446582.37	{"max_offset_from_bottom":0,"offset_from_bottom":0,"viewport_rows":23}	|❯ Run exactly this one bash command and nothing|  else: bin/fm-lock.sh ; then reply with just its|
1791446582.39	{"max_offset_from_bottom":0,"offset_from_bottom":0,"viewport_rows":23}	|❯ Run exactly this one bash command and nothing|  else: bin/fm-lock.sh ; then reply with just its|
1791446582.41	{"max_offset_from_bottom":0,"offset_from_bottom":0,"viewport_rows":23}	|❯ Run exactly this one bash command and nothing|  else: bin/fm-lock.sh ; then reply with just its|
1791446582.43	{"max_offset_from_bottom":0,"offset_from_bottom":0,"viewport_rows":23}	|❯ Run exactly this one bash command and nothing|  else: bin/fm-lock.sh ; then reply with just its|
1791446582.46	{"max_offset_from_bottom":0,"offset_from_bottom":0,"viewport_rows":23}	|❯ Run exactly this one bash command and nothing|  else: bin/fm-lock.sh ; then reply with just its|
1791446582.48	{"max_offset_from_bottom":0,"offset_from_bottom":0,"viewport_rows":23}	|❯ Run exactly this one bash command and nothing|  else: bin/fm-lock.sh ; then reply with just its|
1791446582.49	{"max_offset_from_bottom":0,"offset_from_bottom":0,"viewport_rows":23}	|❯ Run exactly this one bash command and nothing|  else: bin/fm-lock.sh ; then reply with just its|
1791446582.52	{"max_offset_from_bottom":0,"offset_from_bottom":0,"viewport_rows":23}	|❯ Run exactly this one bash command and nothing|  else: bin/fm-lock.sh ; then reply with just its|
1791446582.53	{"max_offset_from_bottom":0,"offset_from_bottom":0,"viewport_rows":23}	|❯ Run exactly this one bash command and nothing|  else: bin/fm-lock.sh ; then reply with just its|
1791446582.55	{"max_offset_from_bottom":0,"offset_from_bottom":0,"viewport_rows":23}	|❯ Run exactly this one bash command and nothing|  else: bin/fm-lock.sh ; then reply with just its|
1791446582.57	{"max_offset_from_bottom":0,"offset_from_bottom":0,"viewport_rows":23}	|❯ Run exactly this one bash command and nothing|  else: bin/fm-lock.sh ; then reply with just its|
1791446582.59	{"max_offset_from_bottom":0,"offset_from_bottom":0,"viewport_rows":23}	|❯ Run exactly this one bash command and nothing|  else: bin/fm-lock.sh ; then reply with just its|
1791446582.61	{"max_offset_from_bottom":0,"offset_from_bottom":0,"viewport_rows":23}	|❯ Run exactly this one bash command and nothing|  else: bin/fm-lock.sh ; then reply with just its|
1791446582.63	{"max_offset_from_bottom":0,"offset_from_bottom":0,"viewport_rows":23}	|❯ Run exactly this one bash command and nothing|  else: bin/fm-lock.sh ; then reply with just its|
1791446582.64	{"max_offset_from_bottom":0,"offset_from_bottom":0,"viewport_rows":23}	|❯ Run exactly this one bash command and nothing|  else: bin/fm-lock.sh ; then reply with just its|
1791446582.66	{"max_offset_from_bottom":0,"offset_from_bottom":0,"viewport_rows":23}	|❯ Run exactly this one bash command and nothing|  else: bin/fm-lock.sh ; then reply with just its|
1791446582.68	{"max_offset_from_bottom":0,"offset_from_bottom":0,"viewport_rows":23}	|❯ Run exactly this one bash command and nothing|  else: bin/fm-lock.sh ; then reply with just its|
1791446582.70	{"max_offset_from_bottom":0,"offset_from_bottom":0,"viewport_rows":23}	|❯ Run exactly this one bash command and nothing|  else: bin/fm-lock.sh ; then reply with just its|
1791446582.75	{"max_offset_from_bottom":0,"offset_from_bottom":0,"viewport_rows":23}	|❯ Run exactly this one bash command and nothing|  else: bin/fm-lock.sh ; then reply with just its|
1791446582.81	{"max_offset_from_bottom":0,"offset_from_bottom":0,"viewport_rows":23}	|❯ Run exactly this one bash command and nothing|  else: bin/fm-lock.sh ; then reply with just its|
1791446582.84	{"max_offset_from_bottom":0,"offset_from_bottom":0,"viewport_rows":23}	|❯ Run exactly this one bash command and nothing|  else: bin/fm-lock.sh ; then reply with just its|
1791446582.86	{"max_offset_from_bottom":0,"offset_from_bottom":0,"viewport_rows":23}	||✻ Worked for 5s · done 10:02 AM|
1791446582.89	{"max_offset_from_bottom":0,"offset_from_bottom":0,"viewport_rows":23}	||✻ Worked for 5s · done 10:02 AM|
1791446582.91	{"max_offset_from_bottom":0,"offset_from_bottom":0,"viewport_rows":23}	|⏺ 0||
1791446582.93	{"max_offset_from_bottom":0,"offset_from_bottom":0,"viewport_rows":23}	|⏺ 0||
1791446582.95	{"max_offset_from_bottom":0,"offset_from_bottom":0,"viewport_rows":23}	|⏺ 0||
1791446582.97	{"max_offset_from_bottom":0,"offset_from_bottom":0,"viewport_rows":23}	|⏺ 0||
1791446582.98	{"max_offset_from_bottom":0,"offset_from_bottom":0,"viewport_rows":23}	|⏺ 0||
1791446583.00	{"max_offset_from_bottom":0,"offset_from_bottom":0,"viewport_rows":23}	|⏺ 0||
1791446583.03	{"max_offset_from_bottom":0,"offset_from_bottom":0,"viewport_rows":23}	|⏺ 0||
1791446583.05	{"max_offset_from_bottom":0,"offset_from_bottom":0,"viewport_rows":23}	|⏺ 0||
1791446583.07	{"max_offset_from_bottom":0,"offset_from_bottom":0,"viewport_rows":23}	|⏺ 0||
1791446583.09	{"max_offset_from_bottom":0,"offset_from_bottom":0,"viewport_rows":23}	|⏺ 0||
1791446583.11	{"max_offset_from_bottom":0,"offset_from_bottom":0,"viewport_rows":23}	|⏺ 0||
1791446583.13	{"max_offset_from_bottom":0,"offset_from_bottom":0,"viewport_rows":23}	|⏺ 0||
1791446583.15	{"max_offset_from_bottom":0,"offset_from_bottom":0,"viewport_rows":23}	|⏺ 0||
1791446583.17	{"max_offset_from_bottom":0,"offset_from_bottom":0,"viewport_rows":23}	|⏺ 0||
1791446583.19	{"max_offset_from_bottom":0,"offset_from_bottom":0,"viewport_rows":23}	|⏺ 0||
1791446583.21	{"max_offset_from_bottom":0,"offset_from_bottom":0,"viewport_rows":23}	|⏺ 0||
1791446583.23	{"max_offset_from_bottom":0,"offset_from_bottom":0,"viewport_rows":23}	|⏺ 0||
1791446583.25	{"max_offset_from_bottom":0,"offset_from_bottom":0,"viewport_rows":23}	|⏺ 0||
1791446583.27	{"max_offset_from_bottom":0,"offset_from_bottom":0,"viewport_rows":23}	|⏺ 0||
1791446583.29	{"max_offset_from_bottom":0,"offset_from_bottom":0,"viewport_rows":23}	|⏺ 0||
1791446583.30	{"max_offset_from_bottom":0,"offset_from_bottom":0,"viewport_rows":23}	|⏺ 0||
1791446583.32	{"max_offset_from_bottom":0,"offset_from_bottom":0,"viewport_rows":23}	|⏺ 0||
1791446583.34	{"max_offset_from_bottom":0,"offset_from_bottom":0,"viewport_rows":23}	|⏺ 0||
1791446583.37	{"max_offset_from_bottom":0,"offset_from_bottom":0,"viewport_rows":23}	|⏺ 0||
1791446583.39	{"max_offset_from_bottom":0,"offset_from_bottom":0,"viewport_rows":23}	|⏺ 0||
1791446583.40	{"max_offset_from_bottom":0,"offset_from_bottom":0,"viewport_rows":23}	|⏺ 0||
1791446583.42	{"max_offset_from_bottom":0,"offset_from_bottom":0,"viewport_rows":23}	|⏺ 0||
1791446583.44	{"max_offset_from_bottom":0,"offset_from_bottom":0,"viewport_rows":23}	|⏺ 0||
1791446583.46	{"max_offset_from_bottom":0,"offset_from_bottom":0,"viewport_rows":23}	|⏺ 0||
1791446583.48	{"max_offset_from_bottom":0,"offset_from_bottom":0,"viewport_rows":23}	|⏺ 0||
1791446583.50	{"max_offset_from_bottom":0,"offset_from_bottom":0,"viewport_rows":23}	|⏺ 0||
1791446583.52	{"max_offset_from_bottom":0,"offset_from_bottom":0,"viewport_rows":23}	|⏺ 0||
1791446583.54	{"max_offset_from_bottom":0,"offset_from_bottom":0,"viewport_rows":23}	|⏺ 0||
1791446583.56	{"max_offset_from_bottom":0,"offset_from_bottom":0,"viewport_rows":23}	|⏺ 0||
1791446583.58	{"max_offset_from_bottom":0,"offset_from_bottom":0,"viewport_rows":23}	|⏺ 0||
1791446583.60	{"max_offset_from_bottom":0,"offset_from_bottom":0,"viewport_rows":23}	|⏺ 0||
1791446583.61	{"max_offset_from_bottom":0,"offset_from_bottom":0,"viewport_rows":23}	|⏺ 0||
1791446583.63	{"max_offset_from_bottom":0,"offset_from_bottom":0,"viewport_rows":23}	|⏺ 0||
1791446583.65	{"max_offset_from_bottom":0,"offset_from_bottom":0,"viewport_rows":23}	|⏺ 0||
1791446583.67	{"max_offset_from_bottom":0,"offset_from_bottom":0,"viewport_rows":23}	|⏺ 0||
1791446583.69	{"max_offset_from_bottom":0,"offset_from_bottom":0,"viewport_rows":23}	|⏺ 0||
1791446583.71	{"max_offset_from_bottom":0,"offset_from_bottom":0,"viewport_rows":23}	|⏺ 0||
1791446583.73	{"max_offset_from_bottom":0,"offset_from_bottom":0,"viewport_rows":23}	|⏺ 0||
1791446583.75	{"max_offset_from_bottom":0,"offset_from_bottom":0,"viewport_rows":23}	|⏺ 0||
1791446583.77	{"max_offset_from_bottom":0,"offset_from_bottom":0,"viewport_rows":23}	|⏺ 0||
1791446583.78	{"max_offset_from_bottom":0,"offset_from_bottom":0,"viewport_rows":23}	|⏺ 0||
1791446583.80	{"max_offset_from_bottom":0,"offset_from_bottom":0,"viewport_rows":23}	|⏺ 0||
1791446583.82	{"max_offset_from_bottom":0,"offset_from_bottom":0,"viewport_rows":23}	|⏺ 0||
1791446583.84	{"max_offset_from_bottom":0,"offset_from_bottom":0,"viewport_rows":23}	|⏺ 0||
1791446583.86	{"max_offset_from_bottom":0,"offset_from_bottom":0,"viewport_rows":23}	|⏺ 0||
1791446583.88	{"max_offset_from_bottom":0,"offset_from_bottom":0,"viewport_rows":23}	|⏺ 0||
1791446583.89	{"max_offset_from_bottom":0,"offset_from_bottom":0,"viewport_rows":23}	|⏺ 0||
1791446583.91	{"max_offset_from_bottom":0,"offset_from_bottom":0,"viewport_rows":23}	|⏺ 0||
1791446583.93	{"max_offset_from_bottom":0,"offset_from_bottom":0,"viewport_rows":23}	|⏺ 0||
1791446583.95	{"max_offset_from_bottom":0,"offset_from_bottom":0,"viewport_rows":23}	|⏺ 0||
1791446583.97	{"max_offset_from_bottom":0,"offset_from_bottom":0,"viewport_rows":23}	|⏺ 0||
1791446583.98	{"max_offset_from_bottom":0,"offset_from_bottom":0,"viewport_rows":23}	|✻ Worked for 5s · done 10:02 AM||
1791446584.00	{"max_offset_from_bottom":0,"offset_from_bottom":0,"viewport_rows":23}	|✻ Worked for 5s · done 10:02 AM||
1791446584.02	{"max_offset_from_bottom":0,"offset_from_bottom":0,"viewport_rows":23}	|✻ Worked for 5s · done 10:02 AM||
1791446584.04	{"max_offset_from_bottom":0,"offset_from_bottom":0,"viewport_rows":23}	|✻ Worked for 5s · done 10:02 AM||
1791446584.05	{"max_offset_from_bottom":0,"offset_from_bottom":0,"viewport_rows":23}	|✻ Worked for 5s · done 10:02 AM||
1791446584.07	{"max_offset_from_bottom":0,"offset_from_bottom":0,"viewport_rows":23}	|✻ Worked for 5s · done 10:02 AM||
1791446584.09	{"max_offset_from_bottom":0,"offset_from_bottom":0,"viewport_rows":23}	|✻ Worked for 5s · done 10:02 AM||
1791446584.11	{"max_offset_from_bottom":0,"offset_from_bottom":0,"viewport_rows":23}	|✻ Worked for 5s · done 10:02 AM||
1791446584.12	{"max_offset_from_bottom":0,"offset_from_bottom":0,"viewport_rows":23}	|✻ Worked for 5s · done 10:02 AM||
1791446584.14	{"max_offset_from_bottom":0,"offset_from_bottom":0,"viewport_rows":23}	|✻ Worked for 5s · done 10:02 AM||
1791446584.16	{"max_offset_from_bottom":0,"offset_from_bottom":0,"viewport_rows":23}	|✻ Worked for 5s · done 10:02 AM||
1791446584.18	{"max_offset_from_bottom":0,"offset_from_bottom":0,"viewport_rows":23}	|✻ Worked for 5s · done 10:02 AM||
1791446584.20	{"max_offset_from_bottom":0,"offset_from_bottom":0,"viewport_rows":23}	|✻ Worked for 5s · done 10:02 AM||
1791446584.22	{"max_offset_from_bottom":0,"offset_from_bottom":0,"viewport_rows":23}	|✻ Worked for 5s · done 10:02 AM||
